,Common Name,,,Scientific name,,
"common:""",Greater Amberjack             ,"""","scientific:""",Seriola dumerili,"""",delete
"common:""",Little Tunny                  ,"""","scientific:""",Euthynnus alletteratus,"""",delete
"common:""",Banded Rudderfish             ,"""","scientific:""",Seriola zonata,"""",delete
"common:""",Gulf Menhaden                 ,"""","scientific:""",Brevoortia patronus,"""",delete
"common:""",Goosefish                     ,"""","scientific:""",Lophius americanus,"""",delete
"common:""",Banded Rudderfish             ,"""","scientific:""",Seriola zonata,"""",delete
"common:""",Greater Amberjack             ,"""","scientific:""",Seriola dummerili,"""",delete
"common:""",Red Snapper                   ,"""","scientific:""",Lutjanus campechanus,"""",delete
"common:""",Red Snapper                   ,"""","scientific:""",Lutjanus campechanus,"""",delete
"common:""",Atlantic Spadefish            ,"""","scientific:""",Chaetodipterus faber,"""",delete
"common:""",Goosefish                     ,"""","scientific:""",Lophius americanus,"""",delete
"common:""",Skipjack Tuna                 ,"""","scientific:""",Katsuwonus pelamis,"""",delete
"common:""",Ladyfish                     ,"""","scientific:""",Elops saurus,"""",delete
"common:""",Black Drum                    ,"""","scientific:""",Pogonias cromis,"""",delete
"common:""",Great Barracuda               ,"""","scientific:""",Sphyraena barracuda,"""",delete
"common:""",Gulf Kingfish                 ,"""","scientific:""",Menticirrhus littoralis,"""",delete
"common:""",Vermilion Snapper             ,"""","scientific:""",Rhomboplites aurorubens,"""",delete
"common:""",Cunner                        ,"""","scientific:""",Tautogolabrus adspersus,"""",delete
"common:""",Jack Crevalle                 ,"""","scientific:""",Caranx hippos,"""",delete
"common:""",Red Drum,"""","scientific:""",Sciaenops ocellata,"""",delete
"common:""",Black Seabass                 ,"""","scientific:""",Centropristis striatus,"""",delete
"common:""",Gulf Toadfish                 ,"""","scientific:""",Opsanus beta,"""",delete
"common:""",Winter Flounder               ,"""","scientific:""",Pleuronectes americanus,"""",delete
"common:""",Gag Grouper                   ,"""","scientific:""",Mycteroperca microlepis,"""",delete
"common:""",Warsaw Grouper                ,"""","scientific:""",Epinephelus nigritus,"""",delete
"common:""",Warsaw Grouper                ,"""","scientific:""",Epinephelus nigritus,"""",delete
"common:""",Striped Mullet                ,"""","scientific:""",Mugil cephalus,"""",delete
"common:""",White Perch                   ,"""","scientific:""",Morone americana,"""",delete
"common:""",Cobia                         ,"""","scientific:""",Rachycentron canadum,"""",delete
"common:""",Winter Flounder               ,"""","scientific:""",Plueronectes americanus,"""",delete
"common:""",Black Grouper                 ,"""","scientific:""",Mycteroperca bonaci,"""",delete
"common:""",Black Seabass                 ,"""","scientific:""",Centropristis striatus,"""",delete
"common:""",Tripletail                    ,"""","scientific:""",Lobotes surinamensis,"""",delete
"common:""",Rock Seabass                  ,"""","scientific:""",Centropristis philadelphicus,"""",delete
"common:""",Tautog                        ,"""","scientific:""",Tautoga onitis,"""",delete
"common:""",Almaco Jack                   ,"""","scientific:""",Seriola rivoliana,"""",delete
"common:""",Black Seabass                 ,"""","scientific:""",Centropristis striatus,"""",delete
"common:""",Vermilion Snapper             ,"""","scientific:""",Rhomboplites aurorubens,"""",delete
"common:""",Tomtate                       ,"""","scientific:""",Haemulon aurolineatum,"""",delete
"common:""",Northern Puffer               ,"""","scientific:""",Sphoeroides maculatus,"""",delete
"common:""",Northern Puffer               ,"""","scientific:""",Sphoeroides maculatus,"""",delete
"common:""",Bluefish                      ,"""","scientific:""",Pomatomus saltatrix,"""",delete
"common:""",White Perch                   ,"""","scientific:""",Morone americana,"""",delete
"common:""",Cunner                        ,"""","scientific:""",Tautogolabrus adspersus,"""",delete
"common:""",Little Tunny                  ,"""","scientific:""",Euthynnus alletteratus,"""",delete
"common:""",Atlantic Bonito               ,"""","scientific:""",Sarda sarda,"""",delete
"common:""",Little Tunny                  ,"""","scientific:""",Euthynnus alletteratus,"""",delete
"common:""",Yellowfin Tuna,"""","scientific:""",Thunnus albacares,"""",delete
"common:""",Pollock                       ,"""","scientific:""",Pollachius virens,"""",delete
"common:""",Atlantic Mackerel             ,"""","scientific:""",Scomber scombrus,"""",delete
"common:""",Pinfish                       ,"""","scientific:""",Lagodon rhomboides,"""",delete
"common:""",Windowpane                    ,"""","scientific:""",Scophthalmus aquosus,"""",delete
"common:""",Sandbar Shark                 ,"""","scientific:""",Carcharhinus plumbeus,"""",delete
"common:""",Atlantic Croaker              ,"""","scientific:""",Micropogonias undulatus,"""",delete
"common:""",Red Drum,"""","scientific:""",Scianops ocellatus,"""",delete
"common:""",Dolphin,"""","scientific:""",Coryphaena hippurus,"""",delete
"common:""",Atlantic Menhaden             ,"""","scientific:""",Brevoortia tyrannus,"""",delete
"common:""",Tripletail                    ,"""","scientific:""",Lobotes surinamensis,"""",delete
"common:""",Tripletail                    ,"""","scientific:""",Lobotes surinamensis,"""",delete
"common:""",Cunner                        ,"""","scientific:""",Tautogolabrus adspersus,"""",delete
"common:""",Pinfish                       ,"""","scientific:""",Lagodon rhomboides,"""",delete
"common:""",Scup                          ,"""","scientific:""",Stenotomus crysops,"""",delete
"common:""",Vermilion Snapper             ,"""","scientific:""",Rhomboplites aurorubens,"""",delete
"common:""",Lane Snapper                  ,"""","scientific:""",Lutjanus synagris,"""",delete
"common:""",Lane Snapper                  ,"""","scientific:""",Lutjanus synagris,"""",delete
"common:""",Gafftopsail Catfish           ,"""","scientific:""",Bagre marinus,"""",delete
"common:""",Sea Catfish                   ,"""","scientific:""",Arius felis,"""",delete
"common:""",Atlantic Wolffish             ,"""","scientific:""",Anarhichas lupus,"""",delete
"common:""",King Mackerel                 ,"""","scientific:""",Scomberomorus cavalla,"""",delete
"common:""",Black Drum                    ,"""","scientific:""",Pogonias cromis,"""",delete
"common:""",Red Drum                      ,"""","scientific:""",Sciaenops ocellata,"""",delete
"common:""",Sea Catfish                   ,"""","scientific:""",Arius felis,"""",delete
"common:""",Cunner                        ,"""","scientific:""",Tautogolabrus adspersus,"""",delete
"common:""",Cunner                        ,"""","scientific:""",Tautogolabrus adspersus,"""",delete
"common:""",Pompano Dolphin               ,"""","scientific:""",Coryphaena equisetis,"""",delete
"common:""",Dolphinfish,"""","scientific:""",Coryphaena hippurus,"""",delete
"common:""",Red Snapper                   ,"""","scientific:""",Lutjanus campechanus,"""",delete
"common:""",Silk Snapper                  ,"""","scientific:""",Lutjanus vivanus,"""",delete
"common:""",Tripletail                    ,"""","scientific:""",Lobotes surinamensis,"""",delete
"common:""",Snowy Grouper,"""","scientific:""",Epinephelus niveatus,"""",delete
"common:""",Cunner                        ,"""","scientific:""",Tautogolabrus adspersus,"""",delete
"common:""",Bluefish                      ,"""","scientific:""",Pomatomus saltatrix,"""",delete
"common:""",Tautog                        ,"""","scientific:""",Tautoga onitis,"""",delete
"common:""",Mummichog                     ,"""","scientific:""",Fundulus heteroclitus,"""",delete
"common:""",Round Scad                    ,"""","scientific:""",Decapterus punctatus,"""",delete
"common:""",Atlantic Cod                  ,"""","scientific:""",Gadus morhua,"""",delete
"common:""",Atlantic Cod                  ,"""","scientific:""",Gadus morhua,"""",delete
"common:""",Spotted Hake                  ,"""","scientific:""",Urophycis regia,"""",delete
"common:""",Spotted Hake                  ,"""","scientific:""",Urophycis regia,"""",delete
"common:""",Tilefish                      ,"""","scientific:""",Lopholatilus chamaeleonticeps,"""",delete
"common:""",White Grunt                   ,"""","scientific:""",Haemulon plumieri,"""",delete
"common:""",Little Skate                  ,"""","scientific:""",Raja erinacea,"""",delete
"common:""",Dolphin,"""","scientific:""",Coryphaena hippurus,"""",delete
"common:""",Cobia                         ,"""","scientific:""",Rachycentron canadum,"""",delete
"common:""",Cobia                         ,"""","scientific:""",Rachycentron canadum,"""",delete
"common:""",Atlantic Bumper               ,"""","scientific:""",Chloroscombrus chrysurus,"""",delete
"common:""",Jack Crevalle                 ,"""","scientific:""",Caranx hippos,"""",delete
"common:""",Atlantic Croaker              ,"""","scientific:""",Micropogon undulatus,"""",delete
"common:""",Black Drum                    ,"""","scientific:""",Pogonias cromis,"""",delete
"common:""",Spotfin Hogfish               ,"""","scientific:""",Bodianus pulchellus,"""",delete
"common:""",Cubera Snapper                ,"""","scientific:""",Lutjanus cyanopterus,"""",delete
"common:""",Great Barracuda               ,"""","scientific:""",Sphyraena barracuda,"""",delete
"common:""",Red Snapper                   ,"""","scientific:""",Lutjanus camphechanus,"""",delete
"common:""",Red Drum,"""","scientific:""",Sciaenops ocellata,"""",delete
"common:""",Sheepshead                    ,"""","scientific:""",Archosargus probatocephalus,"""",delete
"common:""",Summer Flounder               ,"""","scientific:""",Paralichthys dentatus,"""",delete
"common:""",Dolphin                       ,"""","scientific:""",Coryphaena hippurus,"""",delete
"common:""",Black Drum                    ,"""","scientific:""",Pogonias cromis,"""",delete
"common:""",American Eel                  ,"""","scientific:""",Anguilla rostrata,"""",delete
"common:""",Cobia                         ,"""","scientific:""",Rachycentron canadum,"""",delete
"common:""",Scup                          ,"""","scientific:""",Stenotomus chrysops,"""",delete
"common:""",Little Tunny                  ,"""","scientific:""",Euthynnus alletteratus,"""",delete
"common:""",Atlantic Menhaden             ,"""","scientific:""",Brevoortia tyrannus,"""",delete
"common:""",Dolphin,"""","scientific:""",Coryphaena hippurus,"""",delete
"common:""",Tomtate                       ,"""","scientific:""",Haemulon aurolineatum,"""",delete
"common:""",Southern Hake                 ,"""","scientific:""",Urophycis floridana,"""",delete
"common:""",Summer Flounder               ,"""","scientific:""",Paralichthys dentatus,"""",delete
"common:""",Atlantic Bonito               ,"""","scientific:""",Sarda sarda,"""",delete
"common:""",Blackfin Tuna                 ,"""","scientific:""",Thunnus atlanticus,"""",delete
"common:""",Blackfin Tuna                 ,"""","scientific:""",Thunnus atlanticus,"""",delete
"common:""",American Eel                  ,"""","scientific:""",Anguilla rostrata,"""",delete
"common:""",Silver Hake                   ,"""","scientific:""",Merluccius bilinearis,"""",delete
"common:""",Atlantic Tomcod               ,"""","scientific:""",Microgadus tomcod,"""",delete
"common:""",Palometa                      ,"""","scientific:""",Trachinotus goodei,"""",delete
"common:""",Whitebone Porgy               ,"""","scientific:""",Calamus leucosteus,"""",delete
"common:""",Freshwater Drum               ,"""","scientific:""",Aplodinotus grunniens,"""",delete
"common:""",Jewfish                       ,"""","scientific:""",Epinephelus itajara,"""",delete
"common:""",Warsaw Grouper                ,"""","scientific:""",Epinephelus nigritus,"""",delete
"common:""",Northern Puffer               ,"""","scientific:""",Sphoeroides maculatus,"""",delete
"common:""",Bigeye Scad                   ,"""","scientific:""",Selar crumenophthalmus,"""",delete
"common:""",Atlantic Tarpon-Young         ,"""","scientific:""",Atlanticus megalops,"""",delete
"common:""",Spot,"""","scientific:""",Leiostomus xanthurus,"""",delete
"common:""",Silk Snapper                  ,"""","scientific:""",Lutjanus vivanus,"""",delete
"common:""",Dolphin,"""","scientific:""",Coryphaena hippurus,"""",delete
"common:""",Gag Grouper                   ,"""","scientific:""",Mycteroperca microlepis,"""",delete
"common:""",Striped Mullet                ,"""","scientific:""",Mugil cephalus,"""",delete
"common:""",Weakfish                      ,"""","scientific:""",Cynoscion regalis,"""",delete
"common:""",Weakfish                      ,"""","scientific:""",Cynoscion regalis,"""",delete
"common:""",Weakfish                      ,"""","scientific:""",Cynoscion regalis,"""",delete
"common:""",Permit                        ,"""","scientific:""",Trachinotus falcatus,"""",delete
"common:""",Black Seabass                 ,"""","scientific:""",Centropristis striatus,"""",delete
"common:""",Largemouth Bass               ,"""","scientific:""",Micropterus salmoides,"""",delete
"common:""",Kingfish,"""","scientific:""",Menticirrhus spp.,"""",delete
"common:""",White Grunt                   ,"""","scientific:""",Haemulon plumieri,"""",delete
"common:""",Pigfish                       ,"""","scientific:""",Orthopristis chrysoptera,"""",delete
"common:""",Searobin,"""","scientific:""",Triglidae spp.,"""",delete
"common:""",Bearded Brotula              ,"""","scientific:""",Brotula barbata,"""",delete
"common:""",Gafftopsail Catfish           ,"""","scientific:""",Bagre marinus,"""",delete
"common:""",Sea Catfish                   ,"""","scientific:""",Arius felis,"""",delete
"common:""",Atlantic Croaker              ,"""","scientific:""",Micropogon undulatus,"""",delete
"common:""",Blue Runner                   ,"""","scientific:""",Caranx crysos,"""",delete
"common:""",Hogfish                       ,"""","scientific:""",Lachnolaimus maximus,"""",delete
"common:""",Pigfish                       ,"""","scientific:""",Orthopristis chrysoptera,"""",delete
"common:""",Blue Runner                   ,"""","scientific:""",Caranx crysos,"""",delete
"common:""",Jack Crevalle                 ,"""","scientific:""",Caranx hippos,"""",delete
"common:""",Greater Amberjack             ,"""","scientific:""",Seriola dummerili,"""",delete
"common:""",Yellow Perch                 ,"""","scientific:""",Perca flavescens,"""",delete
"common:""",Jack Crevalle                 ,"""","scientific:""",Caranx hippos,"""",delete
"common:""",Warsaw Grouper                ,"""","scientific:""",Epinephelus nigritus,"""",delete
"common:""",Goliath Grouper               ,"""","scientific:""",Epinephelus itajara,"""",delete
"common:""",Striped Mullet                ,"""","scientific:""",Mugil cephalus,"""",delete
"common:""",White Grunt                   ,"""","scientific:""",Haemulon plumieri,"""",delete
"common:""",King Mackerel                 ,"""","scientific:""",Scomberomorus cavalla,"""",delete
"common:""",Kingfish,"""","scientific:""",Menticirrhus spp.,"""",delete
"common:""",King Mackerel                 ,"""","scientific:""",Scomberomorus cavalla,"""",delete
"common:""",Speckled Hind                 ,"""","scientific:""",Epinephelus drummondhayi,"""",delete
"common:""",Spot                          ,"""","scientific:""",Leiostomus xanthurus,"""",delete
"common:""",Gray Triggerfish              ,"""","scientific:""",Balistes capriscus,"""",delete
"common:""",Gray Triggerfish              ,"""","scientific:""",Balistes capriscus,"""",delete
"common:""",Winter Flounder               ,"""","scientific:""",Pleuronectes americanus,"""",delete
"common:""",Cobia                         ,"""","scientific:""",Rachycentron canadum,"""",delete
"common:""",Tiger Shark                   ,"""","scientific:""",Galeocerdo cuvieri,"""",delete
"common:""",Striped Bass                 ,"""","scientific:""",Morone saxatilis,"""",delete
"common:""",Cobia                         ,"""","scientific:""",Rachycentron canadum,"""",delete
"common:""",White Hake                    ,"""","scientific:""",Urophycis tenuis,"""",delete
"common:""",Red Hake                      ,"""","scientific:""",Urophycis chuss,"""",delete
"common:""",Red Hake                      ,"""","scientific:""",Urophycis chuss,"""",delete
"common:""",Palometa                      ,"""","scientific:""",Trachinotus goodei,"""",delete
"common:""",Scup                          ,"""","scientific:""",Stenotomus chrysops,"""",delete
"common:""",Ladyfish                      ,"""","scientific:""",Elops saurus,"""",delete
"common:""",Gray Snapper                  ,"""","scientific:""",Lutjanus griseus,"""",delete
"common:""",Gray Snapper                  ,"""","scientific:""",Lutjanus griseus,"""",delete
"common:""",Sea Catfish                   ,"""","scientific:""",Arius felis,"""",delete
"common:""",Vermillion Snapper            ,"""","scientific:""",Rhomboplites aurorubens,"""",delete
"common:""",Northern Kingfish             ,"""","scientific:""",Menticirrhus saxatilis,"""",delete
"common:""",Goosefish                     ,"""","scientific:""",Lophius americanus,"""",delete
"common:""",Atlantic Spadefish            ,"""","scientific:""",Chaetodipterus faber,"""",delete
"common:""",Atlantic Menhaden             ,"""","scientific:""",Brevoortia tyrannus,"""",delete
"common:""",Red Raven                     ,"""","scientific:""",Hemitripterus americanus,"""",delete
"common:""",Gizzard Shad                  ,"""","scientific:""",Dorosoma cepedianum,"""",delete
"common:""",Winter Flounder               ,"""","scientific:""",Pleuronectes americanus,"""",delete
"common:""",Red Snapper                   ,"""","scientific:""",Lutjanus campechanus,"""",delete
"common:""",Kingfish,"""","scientific:""",Menticirrhus spp.,"""",delete
"common:""",Vermilion Snapper             ,"""","scientific:""",Rhomboplites aurorubens,"""",delete
"common:""",Mutton Snapper                ,"""","scientific:""",Lutjanus analis,"""",delete
"common:""",Scup                          ,"""","scientific:""",Stenotomus chrysops,"""",delete
"common:""",Sergeant Taurus               ,"""","scientific:""",Abudefduf taurus,"""",delete
"common:""",Spot                          ,"""","scientific:""",Leiostomus xanthurus,"""",delete
"common:""",Summer Flounder               ,"""","scientific:""",Paralichthys dentatus,"""",delete
"common:""",Atlantic Bonito               ,"""","scientific:""",Sarda sarda,"""",delete
"common:""",Golden Redfish                ,"""","scientific:""",Sebastes marinus,"""",delete
"common:""",Skipjack Tuna                 ,"""","scientific:""",Kaysuwonus pelamis,"""",delete
"common:""",Spot                          ,"""","scientific:""",Leiostomus xanthurus,"""",delete
"common:""",Oyster Toadfish               ,"""","scientific:""",Opsanus tau,"""",delete
"common:""",Red Snapper,"""","scientific:""",Lutjanus campechanus,"""",delete
"common:""",Cunner                        ,"""","scientific:""",Tautogolabus adspersus,"""",delete
"common:""",Bonefish                      ,"""","scientific:""",Albula vulpes,"""",delete
"common:""",Hogfish                       ,"""","scientific:""",Lachnolaimus maximus,"""",delete
"common:""",Tautog                        ,"""","scientific:""",Tautoga onitis,"""",delete
"common:""",Black Seabass                 ,"""","scientific:""",Centropristis striatus,"""",delete
"common:""",Atlantic Croaker              ,"""","scientific:""",Micropogon undulatus,"""",delete
"common:""",Red Porgy                     ,"""","scientific:""",Pagrus pagrus,"""",delete
"common:""",Red Porgy                     ,"""","scientific:""",Pagrus pagrus,"""",delete
"common:""",Summer Flounder               ,"""","scientific:""",Paralichthys dentatus,"""",delete
"common:""",Menhaden,"""","scientific:""",Brevoortia spp.,"""",delete
"common:""",Florida Pompano               ,"""","scientific:""",Trachinotus carolinus,"""",delete
"common:""",Pompano Dolphin               ,"""","scientific:""",Coryphaena equisetis,"""",delete
"common:""",Black Drum,"""","scientific:""",Pogonias cromis,"""",delete
"common:""",Striped Mullet                ,"""","scientific:""",Mugil cephalus,"""",delete
"common:""",Scup                          ,"""","scientific:""",Stenotomus chrysops,"""",delete
"common:""",Northern Puffer               ,"""","scientific:""",Sphoeroides maculatus,"""",delete
"common:""",Black Drum,"""","scientific:""",Pogonias cromis,"""",delete
"common:""",Red Drum,"""","scientific:""",Sciaenops ocellata,"""",delete
"common:""",Smooth Puffer                 ,"""","scientific:""",Lagocephalus laevigatus,"""",delete
"common:""",Lane Snapper                  ,"""","scientific:""",Lutjanus synagris,"""",delete
"common:""",Red Drum                      ,"""","scientific:""",Scianops ocellatus,"""",delete
"common:""",Red Snapper                   ,"""","scientific:""",Lutjanus campechanus,"""",delete
"common:""",Red Drum                      ,"""","scientific:""",Sciaenops ocellata,"""",delete
"common:""",Red Drum                      ,"""","scientific:""",Sciaenops ocellata,"""",delete
"common:""",Tomtate                       ,"""","scientific:""",Haemulon aurolineatum,"""",delete
"common:""",White Grunt                   ,"""","scientific:""",Haemulon plumieri,"""",delete
"common:""",Scup                          ,"""","scientific:""",Stenotomus chrysops,"""",delete
"common:""",Golden Redfish                ,"""","scientific:""",Sebastes marinus,"""",delete
"common:""",Red Drum                      ,"""","scientific:""",Sciaenops ocellata,"""",delete
"common:""",Lane Snapper                  ,"""","scientific:""",Lutjanus synagris,"""",delete
"common:""",Red Drum                      ,"""","scientific:""",Sciaenops ocellata,"""",delete
"common:""",Yellow Perch                  ,"""","scientific:""",Perca flavescens,"""",delete
"common:""",Striped Bass                  ,"""","scientific:""",Morone saxatilis,"""",delete
"common:""",Black Seabass                 ,"""","scientific:""",Centropristis striatus,"""",delete
"common:""",Rock Seabass                  ,"""","scientific:""",Centropristis philadelphicus,"""",delete
"common:""",Almaco Jack                   ,"""","scientific:""",Seriola rivoliana,"""",delete
"common:""",Bluefish                      ,"""","scientific:""",Pomatomus saltatrix,"""",delete
"common:""",Banded Rudderfish             ,"""","scientific:""",Seriola zonata,"""",delete
"common:""",Bank Seabass                  ,"""","scientific:""",Centropristis ocyurus,"""",delete
"common:""",Bank Seabass                ,"""","scientific:""",Centropristis ocyurus,"""",delete
"common:""",Striped Bass                  ,"""","scientific:""",Morone saxatilis,"""",delete
"common:""",Red Porgy                     ,"""","scientific:""",Pagrus pagrus,"""",delete
"common:""",Golden Redfish                ,"""","scientific:""",Sebastes marinus,"""",delete
"common:""",Permit,"""","scientific:""",Trachinotus falcatus,"""",delete
"common:""",Kingfish,"""","scientific:""",Menticirrhus spp.,"""",delete
"common:""",Tomtate                       ,"""","scientific:""",Haemulon aurolineatum,"""",delete
"common:""",White Grunt                   ,"""","scientific:""",Haemulon plumieri,"""",delete
"common:""",Tomtate                       ,"""","scientific:""",Haemulon aurolineatum,"""",delete
"common:""",Little Tunny                  ,"""","scientific:""",Euthynnus alletteratus,"""",delete
"common:""",Blue Runner                   ,"""","scientific:""",Caranx crysos,"""",delete
"common:""",Gafftopsail Catfish           ,"""","scientific:""",Bagre marinus,"""",delete
"common:""",Atlantic Sailfish             ,"""","scientific:""",Istiophorus platypterus,"""",delete
"common:""",Pigfish                       ,"""","scientific:""",Orthopristis chrysoptera,"""",delete
"common:""",Spotted Seatrout              ,"""","scientific:""",Cynoscion nebulosus,"""",delete
"common:""",Pinfish                       ,"""","scientific:""",Lagodon rhomboides,"""",delete
"common:""",Snook                         ,"""","scientific:""",Centropomus undecimalis,"""",delete
"common:""",Windowpane                    ,"""","scientific:""",Scophthalmus aquosus,"""",delete
"common:""",American Sand Lance           ,"""","scientific:""",Ammodytes hexapterus,"""",delete
"common:""",Windowpane                    ,"""","scientific:""",Scophthalmus aquosus,"""",delete
"common:""",Kingfish,"""","scientific:""",Menticirrhus spp.,"""",delete
"common:""",Silver Perch                  ,"""","scientific:""",Bairdiella chrysura,"""",delete
"common:""",Dusky Shark                  ,"""","scientific:""",Carcharhinus obscurus,"""",delete
"common:""",Spiny Dogfish                 ,"""","scientific:""",Squalis acanthias,"""",delete
"common:""",Silver Seatrout               ,"""","scientific:""",Cynoscion nothus,"""",delete
"common:""",Red Drum,"""","scientific:""",Sciaenops ocellata,"""",delete
"common:""",Black Seabass                 ,"""","scientific:""",Centropristis striatus,"""",delete
"common:""",Red Drum                      ,"""","scientific:""",Sciaenops ocellata,"""",delete
"common:""",Rock Seabass                  ,"""","scientific:""",Centropristis philadelphicus,"""",delete
"common:""",Sea Catfish                   ,"""","scientific:""",Arius felis,"""",delete
"common:""",Conger Eel                    ,"""","scientific:""",Conger oceanicus,"""",delete
"common:""",Winter Flounder               ,"""","scientific:""",Pseudopleuronectes americanus,"""",delete
"common:""",Kingfish,"""","scientific:""",Menticirrhus spp.,"""",delete
"common:""",Northern Puffer               ,"""","scientific:""",Sphoeroides maculatus,"""",delete
"common:""",Weakfish                      ,"""","scientific:""",Cynoscion regalis,"""",delete
"common:""",Cobia                         ,"""","scientific:""",Rachycentron canadum,"""",delete
"common:""",Sheepshead                    ,"""","scientific:""",Archosargus probatocephalus,"""",delete
"common:""",Tidewater Silverside          ,"""","scientific:""",Menidia beryllina,"""",delete
"common:""",Silver Perch                  ,"""","scientific:""",Bairdiella chrysura,"""",delete
"common:""",Spanish Mackerel              ,"""","scientific:""",Scomberomorus maculatus,"""",delete
"common:""",Silk Snapper                  ,"""","scientific:""",Lutjanus vivanus,"""",delete
"common:""",Bonefish                      ,"""","scientific:""",Albula vulpes,"""",delete
"common:""",Atlantic Tarpon               ,"""","scientific:""",Tarpon atlantica,"""",delete
"common:""",White Mullet                  ,"""","scientific:""",Mugil curema,"""",delete
"common:""",White Perch                  ,"""","scientific:""",Morone americana,"""",delete
"common:""",Red Porgy                     ,"""","scientific:""",Pagrus pagrus,"""",delete
"common:""",Whitebone Porgy               ,"""","scientific:""",Calamus leucosteus,"""",delete
"common:""",Silver Seatrout               ,"""","scientific:""",Cynoscion nothus,"""",delete
"common:""",Gulf Kingfish                 ,"""","scientific:""",Menticirrhus littoralis,"""",delete
"common:""",Silver Hake                   ,"""","scientific:""",Merluccius bilinearis,"""",delete
"common:""",Goosefish                     ,"""","scientific:""",Lophius americanus,"""",delete
"common:""",Bluefish                      ,"""","scientific:""",Pomatomus saltatrix,"""",delete
"common:""",Ladyfish                      ,"""","scientific:""",Elops saurus,"""",delete
"common:""",Skipjack Tuna                 ,"""","scientific:""",Katsuwonus pelamis,"""",delete
"common:""",Bluefish                     ,"""","scientific:""",Pomatomus saltatrix,"""",delete
"common:""",Atlantic Hagfish              ,"""","scientific:""",Myinie glutinosa,"""",delete
"common:""",Atlantic Croaker             ,"""","scientific:""",Micropogon undulatus,"""",delete
"common:""",Tautog                       ,"""","scientific:""",Tautoga onitis,"""",delete
"common:""",King Mackerel,"""","scientific:""",Scomberomorus cavalla,"""",delete
"common:""",King Mackerel                 ,"""","scientific:""",Scomberomorus cavalla,"""",delete
"common:""",Bluefish,"""","scientific:""",Pomatomus saltatrix,"""",delete
"common:""",Winter Flounder               ,"""","scientific:""",Pseudopleuronectes americanus,"""",delete
"common:""",Red Snapper                   ,"""","scientific:""",Lutjanus campechanus,"""",delete
"common:""",Spotted Seatrout              ,"""","scientific:""",Cynoscion nebulosus,"""",delete
"common:""",Spotted Seatrout              ,"""","scientific:""",Cynoscion nebulosus,"""",delete
"common:""",Blue Runner,"""","scientific:""",Caranx crysos,"""",delete
"common:""",Atlantic Silverside           ,"""","scientific:""",Menidia menidia,"""",delete
"common:""",Blacktip Shark                ,"""","scientific:""",Carcharhinus limbatus,"""",delete
"common:""",Red Drum                      ,"""","scientific:""",Sciaenops ocellata,"""",delete
"common:""",Lane Snapper                  ,"""","scientific:""",Lutjanus synagris,"""",delete
"common:""",Red Snapper,"""","scientific:""",Lutjanus campechanus,"""",delete
"common:""",Red Drum                      ,"""","scientific:""",Sciaenops ocellata,"""",delete
"common:""",Windowpane                    ,"""","scientific:""",Scophthalmus aquosus,"""",delete
"common:""",Jewfish                       ,"""","scientific:""",Epinephelus itajara,"""",delete
"common:""",Jewfish                       ,"""","scientific:""",Epinephelus itajara,"""",delete
"common:""",Spotted Seatrout              ,"""","scientific:""",Cynoscion nebulosus,"""",delete
"common:""",Atlantic Tarpon               ,"""","scientific:""",Megalops atlantica,"""",delete
"common:""",Weakfish                      ,"""","scientific:""",Cynoscion regalis,"""",delete
"common:""",Red Hake                      ,"""","scientific:""",Urophycis chuss,"""",delete
"common:""",Silver Perch                  ,"""","scientific:""",Bairdiella chrysura,"""",delete
"common:""",Bank Seabass                  ,"""","scientific:""",Centropristis ocyurus,"""",delete
"common:""",Pinfish                       ,"""","scientific:""",Lagodon rhomboides,"""",delete
"common:""",Sand Perch                    ,"""","scientific:""",Diplectrum formosum,"""",delete
"common:""",White Perch                   ,"""","scientific:""",Morone americana,"""",delete
"common:""",Speckled Hind                 ,"""","scientific:""",Epinephelus drummondhayi,"""",delete
"common:""",Red Porgy                     ,"""","scientific:""",Pagrus pagrus,"""",delete
"common:""",Skipjack Tuna                 ,"""","scientific:""",Katsuwonus pelamis,"""",delete
"common:""",Yellow Perch                  ,"""","scientific:""",Perca flavescens,"""",delete
"common:""",Striped Bass                  ,"""","scientific:""",Morone saxatilis,"""",delete
"common:""",Northern Puffer               ,"""","scientific:""",Sphoeroides maculatus,"""",delete
"common:""",Silver Seatrout               ,"""","scientific:""",Cynoscion nothus,"""",delete
"common:""",Silver Perch                  ,"""","scientific:""",Bairdiella chrysura,"""",delete
"common:""",Little Skate                  ,"""","scientific:""",Raja erinacea,"""",delete
"common:""",Weakfish                      ,"""","scientific:""",Cynoscion regalis,"""",delete
"common:""",Windowpane                    ,"""","scientific:""",Scophthalmus aquosus,"""",delete
"common:""",Hybrid Striped Bass           ,"""","scientific:""",Morone saxatilis x m.chrysops,"""",delete
"common:""",Silver Perch                  ,"""","scientific:""",Bairdiella chrysoura,"""",delete
"common:""",Northern Puffer               ,"""","scientific:""",Sphoeroides maculatus,"""",delete
"common:""",Northern Puffer               ,"""","scientific:""",Sphoeroides maculatus,"""",delete
"common:""",Grey Triggerfish              ,"""","scientific:""",Balistes capriscus,"""",delete
"common:""",Bluefish                      ,"""","scientific:""",Pomatomus saltatrix,"""",delete
"common:""",Ladyfish                      ,"""","scientific:""",Elops saurus,"""",delete
"common:""",Atlantic Mackerel,"""","scientific:""",Scomber scombrus,"""",delete
"common:""",Atlantic Tomcod              ,"""","scientific:""",Microgadus tomcod,"""",delete
"common:""",Gafftopsail Catfish           ,"""","scientific:""",Bagre marinus,"""",delete
"common:""",Jack Crevalle                 ,"""","scientific:""",Caranx hippos,"""",delete
"common:""",Seatrout,"""","scientific:""",Cynoscion spp.,"""",delete
"common:""",Warsaw Grouper                ,"""","scientific:""",Epinephelus nigritus,"""",delete
"common:""",Skipjack Tuna                 ,"""","scientific:""",Katsuwonus pelamis,"""",delete
"common:""",Spotted Seatrout              ,"""","scientific:""",Cynoscion nebulosus,"""",delete
"common:""",Weakfish                      ,"""","scientific:""",Cynoscion regalis,"""",delete
"common:""",Weakfish                      ,"""","scientific:""",Cynoscion regalis,"""",delete
"common:""",Scaled Sardine                ,"""","scientific:""",Harengula pensacolae,"""",delete
"common:""",Tautog                        ,"""","scientific:""",Tautoga onitis,"""",delete
"common:""",Silver Perch                  ,"""","scientific:""",Bairdiella chrysura,"""",delete
"common:""",Striped Bass                  ,"""","scientific:""",Morone saxatilis,"""",delete
"common:""",Silver Perch                  ,"""","scientific:""",Bairdiella chrysura,"""",delete
"common:""",American Shad                 ,"""","scientific:""",Alosa sapidissima,"""",delete
"common:""",Gray Snapper                  ,"""","scientific:""",Lutjanus griseus,"""",delete
"common:""",Whitebone Porgy            ,"""","scientific:""",Calamus leucosteus,"""",delete
"common:""",Red Porgy                   ,"""","scientific:""",Pagrus pagrus,"""",delete
"common:""",Sand Seatrout                 ,"""","scientific:""",Cynoscion arenarius,"""",delete
"common:""",Silver Seatrout               ,"""","scientific:""",Cynoscion nothus,"""",delete
"common:""",Gulf Kingfish                 ,"""","scientific:""",Menicirrhus littoralis,"""",delete
"common:""",Silver Hake                   ,"""","scientific:""",Merluccius bilinearis,"""",delete
"common:""",Kingfish,"""","scientific:""",Menticirrhus spp.,"""",delete
"common:""",Spotted Seatrout              ,"""","scientific:""",Cynoscion nebulosus,"""",delete
"common:""",Weakfish                      ,"""","scientific:""",Cynoscion regalis,"""",delete
"common:""",Silk Snapper                  ,"""","scientific:""",Lutjanus vivanus,"""",delete
"common:""",Spot                          ,"""","scientific:""",Leiostomus xanthurus,"""",delete
"common:""",Weakfish                      ,"""","scientific:""",Cynoscion regalis,"""",delete
"common:""",Silver Perch                  ,"""","scientific:""",Bairdiella chrysura,"""",delete
"common:""",Yellow Jack                   ,"""","scientific:""",Caranx bartholomaei,"""",delete
"common:""",Yellowtail Snapper            ,"""","scientific:""",Ocyurus chrysurus,"""",delete
"common:""",Jack Crevalle                 ,"""","scientific:""",Caranx hippos,"""",delete
"common:""",Atlantic Croaker              ,"""","scientific:""",Micropogon undulatus,"""",delete
"common:""",Albacore                        ,"""","scientific:""",Thunnus alalunga,"""",delete
"common:""",Barracuda                       ,"""","scientific:""",Sphyraena argentea,"""",delete
"common:""",Mexican Rockfish                ,"""","scientific:""",Sebastes macdonaldi,"""",delete
"common:""",Bronzespotted Rockfish          ,"""","scientific:""",Sebastes gilli,"""",delete
"common:""",Mexican Rockfish                ,"""","scientific:""",Sebastes macdonaldi,"""",delete
"common:""",Mexican Rockfish                ,"""","scientific:""",Sebastes macdonaldi,"""",delete
"common:""",Rosy Rockfish                   ,"""","scientific:""",Sebastes rosaceus,"""",delete
"common:""",Bank Rockfish                   ,"""","scientific:""",Sebastes rufus,"""",delete
"common:""",Speckled Rockfish               ,"""","scientific:""",Sebastes ovalis,"""",delete
"common:""",White Croaker                   ,"""","scientific:""",Genyonemus lineatus,"""",delete
"common:""",Flag Rockfish                   ,"""","scientific:""",Sebastes rubrivinctus,"""",delete
"common:""",Redbanded Rockfish              ,"""","scientific:""",Sebastes rubrivinctus,"""",delete
"common:""",Ca. Halibut                     ,"""","scientific:""",Paralichthys californicus,"""",delete
"common:""",Barracuda                       ,"""","scientific:""",Sphyraena argentea,"""",delete
"common:""",Spotted Sand Bass               ,"""","scientific:""",Paralabrax maculatofasciatus,"""",delete
"common:""",Squarespot Rockfish             ,"""","scientific:""",Sebastes hopkinsi,"""",delete
"common:""",Widow Rockfish                  ,"""","scientific:""",Sebastes entomelas,"""",delete
"common:""",Speckled Rockfish               ,"""","scientific:""",Sebastes ovalis,"""",delete
"common:""",Sheephead                       ,"""","scientific:""",Semicossyphus pulcher,"""",delete
"common:""",Sablefish                       ,"""","scientific:""",Anoplopoma fimbria,"""",delete
"common:""",Giant Sea Bass                  ,"""","scientific:""",Stereolepis gigas,"""",delete
"common:""",Halfmoon                       ,"""","scientific:""",Medialuna californiensis,"""",delete
"common:""",Blue Rockfish                   ,"""","scientific:""",Sebastes mystinus,"""",delete
"common:""",Pacific Mackerel                ,"""","scientific:""",Scomber japonicus,"""",delete
"common:""",Halfmoon                        ,"""","scientific:""",Medialuna californiensis,"""",delete
"common:""",Halfmoon                        ,"""","scientific:""",Medialuna californiensis,"""",delete
"common:""",Bonito                          ,"""","scientific:""",Sarda chiliensis,"""",delete
"common:""",Shortfin Mako Shark             ,"""","scientific:""",Isurus oxyrinchus,"""",delete
"common:""",Greenblotched Rockfish          ,"""","scientific:""",Sebastes rosenblatti,"""",delete
"common:""",Greenspotted Rockfish           ,"""","scientific:""",Sebastes chlorostictus,"""",delete
"common:""",Pink Rockfish                   ,"""","scientific:""",Sebastes eos,"""",delete
"common:""",Queenfish                       ,"""","scientific:""",Seriphus politus,"""",delete
"common:""",Brown Rockfish                  ,"""","scientific:""",Sebastes auriculatus,"""",delete
"common:""",Kelp Bass                       ,"""","scientific:""",Paralabrax clathratus,"""",delete
"common:""",White Sea Bass                  ,"""","scientific:""",Atractoscion nobilis,"""",delete
"common:""",Pa. Staghorn Sculpin            ,"""","scientific:""",Leptocottus armatus,"""",delete
"common:""",White Croaker                   ,"""","scientific:""",Genyonemus lineatus,"""",delete
"common:""",Pa. Butterfish                  ,"""","scientific:""",Peprilus simillimus,"""",delete
"common:""",Sablefish                      ,"""","scientific:""",Anoplopoma fimbria,"""",delete
"common:""",Rubberlip Seaperch              ,"""","scientific:""",Rhacochilus toxotes,"""",delete
"common:""",Opaleye                         ,"""","scientific:""",Girella nigricans,"""",delete
"common:""",Cowcod                          ,"""","scientific:""",Sebastes levis,"""",delete
"common:""",Kelp Bass                       ,"""","scientific:""",Paralabrax clathratus,"""",delete
"common:""",Kelp Bass                       ,"""","scientific:""",Paralabrax clathratus,"""",delete
"common:""",White Croaker                   ,"""","scientific:""",Genyonemus lineatus,"""",delete
"common:""",Ca. Corbina                     ,"""","scientific:""",Menticirrhus undulatus,"""",delete
"common:""",Halfmoon                        ,"""","scientific:""",Medialuna californiensis,"""",delete
"common:""",Halfmoon                        ,"""","scientific:""",Medialuna californiensis,"""",delete
"common:""",Splitnose Rockfish              ,"""","scientific:""",Sebastes diploproa,"""",delete
"common:""",Shortspine Thornyhead           ,"""","scientific:""",Sebastalobus alascanus,"""",delete
"common:""",Kelp Bass                       ,"""","scientific:""",Paralabrax clathratus,"""",delete
"common:""",Chilipepper                     ,"""","scientific:""",Sebastes goodei,"""",delete
"common:""",Black Croaker                   ,"""","scientific:""",Cheilotrema saturnum,"""",delete
"common:""",Sargo                           ,"""","scientific:""",Anisotremus davidsonii,"""",delete
"common:""",King Salmon                     ,"""","scientific:""",Oncorhynchus tshawytscha,"""",delete
"common:""",Brown Rockfish                  ,"""","scientific:""",Sebastes auriculatus,"""",delete
"common:""",Pacific Mackerel                ,"""","scientific:""",Scomber japonicus,"""",delete
"common:""",Copper Rockfish                 ,"""","scientific:""",Sebastes caurinus,"""",delete
"common:""",Brown Rockfish                  ,"""","scientific:""",Sebastes auriculatus,"""",delete
"common:""",Treefish                        ,"""","scientific:""",Sebastes serriceps,"""",delete
"common:""",Pacific Mackerel                ,"""","scientific:""",Scomber japonicus,"""",delete
"common:""",Cowcod                          ,"""","scientific:""",Sebastes levis,"""",delete
"common:""",Cowcod                          ,"""","scientific:""",Sebastes levis,"""",delete
"common:""",Drum Family                     ,"""","scientific:""",Sciaenidae,"""",delete
"common:""",Rockfish Genus                  ,"""","scientific:""",Sebastes spp.,"""",delete
"common:""",Dolphinfish                     ,"""","scientific:""",Coryphaena hippurus,"""",delete
"common:""",Ca. Halibut                     ,"""","scientific:""",Paralichthys californicus,"""",delete
"common:""",Dolphinfish                     ,"""","scientific:""",Coryphaena hippurus,"""",delete
"common:""",Drum Family                     ,"""","scientific:""",Sciaenidae,"""",delete
"common:""",Barracuda                       ,"""","scientific:""",Sphyraena argentea,"""",delete
"common:""",Ca. Halibut                     ,"""","scientific:""",Paralichthys californicus,"""",delete
"common:""",Bank Rockfish                   ,"""","scientific:""",Sebastes rufus,"""",delete
"common:""",Bank Rockfish                   ,"""","scientific:""",Sebastes rufus,"""",delete
"common:""",Ca. Halibut                     ,"""","scientific:""",Paralichthys californicus,"""",delete
"common:""",Yellowtail                      ,"""","scientific:""",Seriola lalandi,"""",delete
"common:""",Giant Sea Bass                  ,"""","scientific:""",Stereolepis gigas,"""",delete
"common:""",Pacific Mackerel                ,"""","scientific:""",Scomber japonicus,"""",delete
"common:""",Lingcod                         ,"""","scientific:""",Ophiodon elongatus,"""",delete
"common:""",Sheephead                       ,"""","scientific:""",Semicossyphus pulcher,"""",delete
"common:""",Garibaldi                       ,"""","scientific:""",Hypsypops rubicundus,"""",delete
"common:""",Grass Rockfish                  ,"""","scientific:""",Sebastes rastrelliger,"""",delete
"common:""",Pacific Mackerel                ,"""","scientific:""",Scomber japonicus,"""",delete
"common:""",Pacific Mackerel               ,"""","scientific:""",Scomber japonicus,"""",delete
"common:""",Spiny Dogfish                   ,"""","scientific:""",Squalus acanthias,"""",delete
"common:""",Lingcod                         ,"""","scientific:""",Ophiodon elongatus,"""",delete
"common:""",Bocaccio                        ,"""","scientific:""",Sebastes paucispinis,"""",delete
"common:""",Barred Sand Bass                ,"""","scientific:""",Paralabrax nebulifer,"""",delete
"common:""",Swordspine Rockfish             ,"""","scientific:""",Sebastes ensifer,"""",delete
"common:""",Queenfish                       ,"""","scientific:""",Seriphus politus,"""",delete
"common:""",Rock Wrasse                     ,"""","scientific:""",Halichoeres semicinctus,"""",delete
"common:""",Senorita                        ,"""","scientific:""",Oxyjulis californica,"""",delete
"common:""",Speckled Rockfish               ,"""","scientific:""",Sebastes ovalis,"""",delete
"common:""",Opaleye                         ,"""","scientific:""",Girella nigricans,"""",delete
"common:""",Olive Rockfish                  ,"""","scientific:""",Sebastes serranoides,"""",delete
"common:""",Yellowtail Rockfish             ,"""","scientific:""",Sebastes flavidus,"""",delete
"common:""",Olive Rockfish                  ,"""","scientific:""",Sebastes serranoides,"""",delete
"common:""",Yellowtail Rockfish             ,"""","scientific:""",Sebastes flavidus,"""",delete
"common:""",White Croaker                   ,"""","scientific:""",Genyonemus lineatus,"""",delete
"common:""",Lingcod                         ,"""","scientific:""",Ophiodon elongatus,"""",delete
"common:""",Treefish                        ,"""","scientific:""",Sebastes serriceps,"""",delete
"common:""",Treefish                        ,"""","scientific:""",Sebastes serriceps,"""",delete
"common:""",Barracuda                       ,"""","scientific:""",Sphyraena argentea,"""",delete
"common:""",Albacore                        ,"""","scientific:""",Thunnus alalunga,"""",delete
"common:""",Bank Rockfish                   ,"""","scientific:""",Sebastes rufus,"""",delete
"common:""",Dolphinfish                     ,"""","scientific:""",Coryphaena hippurus,"""",delete
"common:""",Shortfin Mako Shark             ,"""","scientific:""",Isurus oxyrinchus,"""",delete
"common:""",Bonito                          ,"""","scientific:""",Sarda chiliensis,"""",delete
"common:""",Bocaccio                        ,"""","scientific:""",Sebastes paucispinis,"""",delete
"common:""",Bonito                          ,"""","scientific:""",Sarda chiliensis,"""",delete
"common:""",Cowcod                          ,"""","scientific:""",Sebastes levis,"""",delete
"common:""",Yellowtail                      ,"""","scientific:""",Seriola lalandi,"""",delete
"common:""",Squarespot Rockfish             ,"""","scientific:""",Sebastes hopkinsi,"""",delete
"common:""",Copper Rockfish                 ,"""","scientific:""",Sebastes caurinus,"""",delete
"common:""",Hake                            ,"""","scientific:""",Merluccius productus,"""",delete
"common:""",Mola                            ,"""","scientific:""",Mola mola,"""",delete
"common:""",Kelp Rockfish                   ,"""","scientific:""",Sebastes atrovirens,"""",delete
"common:""",Brown Rockfish                  ,"""","scientific:""",Sebastes auriculatus,"""",delete
"common:""",White Croaker                   ,"""","scientific:""",Genyonemus lineatus,"""",delete
"common:""",Barracuda                       ,"""","scientific:""",Sphyraena argentea,"""",delete
"common:""",Grass Rockfish                 ,"""","scientific:""",Sebastes rastrelliger,"""",delete
"common:""",Albacore                        ,"""","scientific:""",Thunnus alalunga,"""",delete
"common:""",Spiny Dogfish                   ,"""","scientific:""",Squalus acanthias,"""",delete
"common:""",Barracuda                       ,"""","scientific:""",Sphyraena argentea,"""",delete
"common:""",Spiny Dogfish                   ,"""","scientific:""",Squalus acanthias,"""",delete
"common:""",Greenstriped Rockfish           ,"""","scientific:""",Sebastes elongatus,"""",delete
"common:""",Kelp Bass                       ,"""","scientific:""",Paralabrax clathratus,"""",delete
"common:""",Pa. Butterfish                  ,"""","scientific:""",Peprilus simillimus,"""",delete
"common:""",Ocean Whitefish                ,"""","scientific:""",Caulolatilus princeps,"""",delete
"common:""",Blue Rockfish                   ,"""","scientific:""",Sebastes mystinus,"""",delete
"common:""",Ca. Scorpionfish                ,"""","scientific:""",Scorpaena guttata,"""",delete
"common:""",Canary Rockfish                 ,"""","scientific:""",Sebastes pinniger,"""",delete
"common:""",Vermilion Rockfish             ,"""","scientific:""",Sebastes miniatus,"""",delete
"common:""",Canary Rockfish                 ,"""","scientific:""",Sebastes pinniger,"""",delete
"common:""",Rockfish Genus                  ,"""","scientific:""",Sebastes spp.,"""",delete
"common:""",Vermilion Rockfish              ,"""","scientific:""",Sebastes miniatus,"""",delete
"common:""",Bocaccio                        ,"""","scientific:""",Sebastes paucispinis,"""",delete
"common:""",Canary Rockfish                 ,"""","scientific:""",Sebastes pinniger,"""",delete
"common:""",Vermilion Rockfish              ,"""","scientific:""",Sebastes miniatus,"""",delete
"common:""",Blue Rockfish                   ,"""","scientific:""",Sebastes mystinus,"""",delete
"common:""",Rosy Rockfish                   ,"""","scientific:""",Sebastes rosaceus,"""",delete
"common:""",Gopher Rockfish                 ,"""","scientific:""",Sebastes carnatus,"""",delete
"common:""",Grass Rockfish                  ,"""","scientific:""",Sebastes rastrelliger,"""",delete
"common:""",Rockfish Genus                  ,"""","scientific:""",Sebastes spp.,"""",delete
"common:""",Drum Family                     ,"""","scientific:""",Sciaenidae,"""",delete
"common:""",Drum Family                     ,"""","scientific:""",Sciaenidae,"""",delete
"common:""",Rubberlip Seaperch              ,"""","scientific:""",Rhacochilus toxotes,"""",delete
"common:""",Sablefish                       ,"""","scientific:""",Anoplopoma fimbria,"""",delete
"common:""",Bocaccio                        ,"""","scientific:""",Sebastes paucispinis,"""",delete
"common:""",Barred Sand Bass                ,"""","scientific:""",Paralabrax nebulifer,"""",delete
"common:""",Brown Smoothhound               ,"""","scientific:""",Mustelus henlei,"""",delete
"common:""",Gray Smoothhound                ,"""","scientific:""",Mustelus californicus,"""",delete
"common:""",Shovelnose Guitarfish           ,"""","scientific:""",Rhinobatos productus,"""",delete
"common:""",Barred Sand Bass                ,"""","scientific:""",Paralabrax nebulifer,"""",delete
"common:""",Barracuda                       ,"""","scientific:""",Sphyraena argentea,"""",delete
"common:""",Ca. Scorpionfish                ,"""","scientific:""",Scorpaena guttata,"""",delete
"common:""",Rockfish Genus                  ,"""","scientific:""",Sebastes spp.,"""",delete
"common:""",Ca. Scorpionfish                ,"""","scientific:""",Scorpaena guttata,"""",delete
"common:""",Queenfish                       ,"""","scientific:""",Seriphus politus,"""",delete
"common:""",Sablefish                       ,"""","scientific:""",Anoplopoma fimbria,"""",delete
"common:""",White Sea Bass                  ,"""","scientific:""",Atractoscion nobilis,"""",delete
"common:""",Bocaccio                        ,"""","scientific:""",Sebastes paucispinis,"""",delete
"common:""",White Croaker                   ,"""","scientific:""",Genyonemus lineatus,"""",delete
"common:""",Sheephead                       ,"""","scientific:""",Semicossyphus pulcher,"""",delete
"common:""",Coho Salmon                     ,"""","scientific:""",Oncorhynchus kisutch,"""",delete
"common:""",King Salmon                     ,"""","scientific:""",Oncorhynchus tshawytscha,"""",delete
"common:""",Barracuda                       ,"""","scientific:""",Sphyraena argentea,"""",delete
"common:""",Bocaccio                        ,"""","scientific:""",Sebastes paucispinis,"""",delete
"common:""",Brown Smoothhound               ,"""","scientific:""",Mustelus henlei,"""",delete
"common:""",Gray Smoothhound                ,"""","scientific:""",Mustelus californicus,"""",delete
"common:""",Barracuda                       ,"""","scientific:""",Sphyraena argentea,"""",delete
"common:""",Jack Mackerel                   ,"""","scientific:""",Trachurus symmetricus,"""",delete
"common:""",Jack Mackerel                   ,"""","scientific:""",Trachurus symmetricus,"""",delete
"common:""",Spotted Sand Bass               ,"""","scientific:""",Paralabrax maculatofasciatus,"""",delete
"common:""",Gopher Rockfish                 ,"""","scientific:""",Sebastes carnatus,"""",delete
"common:""",Spotfin Croaker                 ,"""","scientific:""",Roncador stearnsii,"""",delete
"common:""",Spotted Sand Bass               ,"""","scientific:""",Paralabrax maculatofasciatus,"""",delete
"common:""",Pa. Staghorn Sculpin            ,"""","scientific:""",Leptocottus armatus,"""",delete
"common:""",Greenblotched Rockfish          ,"""","scientific:""",Sebastes rosenblatti,"""",delete
"common:""",Greenspotted Rockfish           ,"""","scientific:""",Sebastes chlorostictus,"""",delete
"common:""",Pink Rockfish                   ,"""","scientific:""",Sebastes eos,"""",delete
"common:""",Rainbow Trout                   ,"""","scientific:""",Salmo gairdnerii,"""",delete
"common:""",Barracuda                       ,"""","scientific:""",Sphyraena argentea,"""",delete
"common:""",Greenstriped Rockfish           ,"""","scientific:""",Sebastes elongatus,"""",delete
"common:""",Rosy Rockfish                   ,"""","scientific:""",Sebastes rosaceus,"""",delete
"common:""",Kelp Rockfish                   ,"""","scientific:""",Sebastes atrovirens,"""",delete
"common:""",Mola                            ,"""","scientific:""",Mola mola,"""",delete
"common:""",Yellowtail                      ,"""","scientific:""",Seriola lalandi,"""",delete
"common:""",Skates & Rays                   ,"""","scientific:""",Rajidae,"""",delete
"common:""",Pacific Mackerel                ,"""","scientific:""",Scomber japonicus,"""",delete
"common:""",White Croaker                   ,"""","scientific:""",Genyonemus lineatus,"""",delete
"common:""",White Croaker                   ,"""","scientific:""",Genyonemus lineatus,"""",delete
"common:""",Mexican Rockfish                ,"""","scientific:""",Sebastes macdonaldi,"""",delete
"common:""",Bronzespotted Rockfish          ,"""","scientific:""",Sebastes gilli,"""",delete
"common:""",Greenblotched Rockfish          ,"""","scientific:""",Sebastes rosenblatti,"""",delete
"common:""",Greenspotted Rockfish           ,"""","scientific:""",Sebastes chlorostictus,"""",delete
"common:""",Pink Rockfish                  ,"""","scientific:""",Sebastes eos,"""",delete
"common:""",White Sea Bass                  ,"""","scientific:""",Atractoscion nobilis,"""",delete
"common:""",Ocean Whitefish                 ,"""","scientific:""",Caulolatilus princeps,"""",delete
"common:""",Bocaccio                        ,"""","scientific:""",Sebastes paucispinis,"""",delete
"common:""",Yellowtail                      ,"""","scientific:""",Seriola lalandi,"""",delete
"common:""",Yellowtail                      ,"""","scientific:""",Seriola lalandi,"""",delete
"common:""",Yellowtail                      ,"""","scientific:""",Seriola lalandi,"""",delete
"common:""",Sablefish                       ,"""","scientific:""",Anoplopoma fimbria,"""",delete
"common:""",Black & Yellow Rockfish         ,"""","scientific:""",Sebastes chrysomelas,"""",delete
"common:""",Billfish Family              ,"""","scientific:""",Istiophoridae,"""",delete
"common:""",Hawaiian Hogfish              ,"""","scientific:""",Bodianus bilunulatus,"""",delete
"common:""",Houndfish                     ,"""","scientific:""",Tylosurus crocodilus,"""",delete
"common:""",Keeltail Needlefish           ,"""","scientific:""",Platybelone argalus,"""",delete
"common:""",Yellowfin Tuna                ,"""","scientific:""",Thunnus albacares,"""",delete
"common:""",Bluefin Tuna                  ,"""","scientific:""",Thunnus thynnus,"""",delete
"common:""",Albacore                      ,"""","scientific:""",Thunnus alalunga,"""",delete
"common:""",Mackerel Family ,"""","scientific:""",Scombridae,"""",delete
"common:""",Hawaiian Flagtail             ,"""","scientific:""",Kuhlia sandvicensis,"""",delete
"common:""",Skipjack Tuna                 ,"""","scientific:""",Katsuwonus pelamis,"""",delete
"common:""",Bigeye Scad                   ,"""","scientific:""",Selar crumenophthalmus,"""",delete
"common:""",Saber Squirrelfish            ,"""","scientific:""",Sargocentron spiniferum,"""",delete
"common:""",Yellowstriped Squirrelfish    ,"""","scientific:""",Holocentrus ensifer,"""",delete
"common:""",Peppered Squirrelfish         ,"""","scientific:""",Sargocentron punctatissimum,"""",delete
"common:""",Crown Squirrelfish            ,"""","scientific:""",Sargocentron diadema,"""",delete
"common:""",Hawaiian Squirrelfish         ,"""","scientific:""",Holocentrus xantherythrum,"""",delete
"common:""",Spotfin Squirrelfish         ,"""","scientific:""",Neoniphon sammara,"""",delete
"common:""",Tahitian Squirrelfish         ,"""","scientific:""",Sargocentron tiere,"""",delete
"common:""",Squirrelfish Family           ,"""","scientific:""",Holocentridae,"""",delete
"common:""",Striped Mullet                ,"""","scientific:""",Mugil cephalus,"""",delete
"common:""",Whitespotted Surgeonfish      ,"""","scientific:""",Acanthurus guttatus,"""",delete
"common:""",Black Marlin                  ,"""","scientific:""",Makaira indica,"""",delete
"common:""",Blue Marlin                   ,"""","scientific:""",Makaira nigricans,"""",delete
"common:""",Striped Marlin                ,"""","scientific:""",Tetrapturus audax,"""",delete
"common:""",Milkfish                      ,"""","scientific:""",Chanos chanos,"""",delete
"common:""",Hawaiian Tenpounder           ,"""","scientific:""",Elops hawaiensis,"""",delete
"common:""",Christmas Wrasse              ,"""","scientific:""",Thalassoma trilobatum,"""",delete
"common:""",Bigeye Family                 ,"""","scientific:""",Priacanthidae,"""",delete
"common:""",Glasseye                      ,"""","scientific:""",Heteropriacanthus cruentatus,"""",delete
"common:""",Hawaiian Bigeye               ,"""","scientific:""",Priacanthus meeki,"""",delete
"common:""",Black Surgeonfish             ,"""","scientific:""",Ctenochaetus hawaiiensis,"""",delete
"common:""",Thick Lipped Jack             ,"""","scientific:""",Pseudocaranx dentex,"""",delete
"common:""",Lowfin Chub,"""","scientific:""",Kyphosus vaigiensis,"""",delete
"common:""",Gray Chub ,"""","scientific:""",Kyphosus bigibbus,"""",delete
"common:""",Dogtooth Tuna                 ,"""","scientific:""",Gymnosarda unicolor,"""",delete
"common:""",Manta Family                  ,"""","scientific:""",Mobulidae,"""",delete
"common:""",Hawaiian Grouper              ,"""","scientific:""",Epinephelus quernus,"""",delete
"common:""",Hawkfish Family               ,"""","scientific:""",Cirrhitidae,"""",delete
"common:""",Eagle Ray Family              ,"""","scientific:""",Myliobatidae,"""",delete
"common:""",Blackside Hawkfish            ,"""","scientific:""",Paracirrhites forsteri,"""",delete
"common:""",Psychedelic Wrasse            ,"""","scientific:""",Anampses chrysocephalus,"""",delete
"common:""",Yellowtail Coris              ,"""","scientific:""",Coris gaimardi,"""",delete
"common:""",Shortnose Wrasse              ,"""","scientific:""",Macropharyngodon geoffroyi,"""",delete
"common:""",Wrasse Family                 ,"""","scientific:""",Labridae,"""",delete
"common:""",Yellowstripe Coris            ,"""","scientific:""",Coris flavovittata,"""",delete
"common:""",Saddle Wrasse                 ,"""","scientific:""",Thalassoma duperreyi,"""",delete
"common:""",Blacktail Wrasse              ,"""","scientific:""",Thalassoma ballieui,"""",delete
"common:""",Bird Wrasse                   ,"""","scientific:""",Gomphosus varius,"""",delete
"common:""",Surge Wrasse                  ,"""","scientific:""",Thalassoma purpureum,"""",delete
"common:""",Triggerfishes/Filefishes      ,"""","scientific:""",Balistidae,"""",delete
"common:""",Black Triggerfish             ,"""","scientific:""",Melichthys niger,"""",delete
"common:""",Pinktail Durgon               ,"""","scientific:""",Melichthys vidua,"""",delete
"common:""",Reef Triggerfish              ,"""","scientific:""",Rhinecanthus rectangulus,"""",delete
"common:""",Lagoon Triggerfish            ,"""","scientific:""",Rhinecanthus aculeatus,"""",delete
"common:""",Lei Triggerfish               ,"""","scientific:""",Sufflamen bursa,"""",delete
"common:""",Hawaiian Silverside           ,"""","scientific:""",Atherinomorus insularum,"""",delete
"common:""",Halfbeak Fish Family          ,"""","scientific:""",Hemiramphidae,"""",delete
"common:""",Green Halfbeak                ,"""","scientific:""",Euleptorhamphus viridis,"""",delete
"common:""",Polynesian Halfbeak           ,"""","scientific:""",Hemiramphus depauperatus,"""",delete
"common:""",Acute Halfbeak                ,"""","scientific:""",Hyporhamphus acutus,"""",delete
"common:""",Greater Amberjack             ,"""","scientific:""",Seriola dumerili,"""",delete
"common:""",Great Barracuda               ,"""","scientific:""",Sphyraena barracuda,"""",delete
"common:""",Blue Spine Unicornfish        ,"""","scientific:""",Naso unicornis,"""",delete
"common:""",Whitemargin Unicorn Fish     ,"""","scientific:""",Naso annulatus,"""",delete
"common:""",Unicorn Surgeonfish Genus     ,"""","scientific:""",Naso,"""",delete
"common:""",Paletail Unicornfish          ,"""","scientific:""",Naso brevirostris,"""",delete
"common:""",Von Siebold'S Snapper         ,"""","scientific:""",Pristipomoides sieboldii,"""",delete
"common:""",Rainbow Runner                ,"""","scientific:""",Elagatis bipinnulata,"""",delete
"common:""",Heller'S Barracuda            ,"""","scientific:""",Sphyraena helleri,"""",delete
"common:""",Kawakawa                      ,"""","scientific:""",Euthynnus affinis,"""",delete
"common:""",Frigate Mackerel              ,"""","scientific:""",Auxis thazard,"""",delete
"common:""",Moorish Idol                  ,"""","scientific:""",Zanclus cornutus,"""",delete
"common:""",Bluestripe Butterflyfish      ,"""","scientific:""",Chaetodon fremblii,"""",delete
"common:""",Threadfin Butterflyfish       ,"""","scientific:""",Chaetodon auriga,"""",delete
"common:""",Teardrop Butterflyfish        ,"""","scientific:""",Chaetodon unimaculatus,"""",delete
"common:""",Racoon Butterflyfish          ,"""","scientific:""",Chaetodon lunula,"""",delete
"common:""",Porcupinefish                 ,"""","scientific:""",Diodon hystrix,"""",delete
"common:""",Spiny Porcupinefish           ,"""","scientific:""",Diodon holocanthus,"""",delete
"common:""",Porcupinefish Family          ,"""","scientific:""",Diodontidae,"""",delete
"common:""",Whitesaddle Goatfish          ,"""","scientific:""",Parupeneus porphyreus,"""",delete
"common:""",Blackspot Sergeant           ,"""","scientific:""",Abudefduf sordidus,"""",delete
"common:""",Cigar                         ,"""","scientific:""",Cheilio inermis,"""",delete
"common:""",Leatherback                   ,"""","scientific:""",Chorinemus sanctipetri,"""",delete
"common:""",Razorfish Genus               ,"""","scientific:""",Hemipteronotus,"""",delete
"common:""",Baldwin'S Wrasse              ,"""","scientific:""",Hemipteronotus baldwini,"""",delete
"common:""",Peacock Razorfish             ,"""","scientific:""",Hemipteronotus  pavoninus,"""",delete
"common:""",Blackside Razorfish           ,"""","scientific:""",Hemipteronotus umbrilatus,"""",delete
"common:""",Milletseed Butterflyfish      ,"""","scientific:""",Chaetodon miliaris,"""",delete
"common:""",Fourspot Butterflyfish        ,"""","scientific:""",Chaetodon quadrimaculatus,"""",delete
"common:""",Yellow Tang                   ,"""","scientific:""",Zebrasoma flavescens,"""",delete
"common:""",Black Trevally                ,"""","scientific:""",Caranx lugubris,"""",delete
"common:""",Longnose Butterflyfish       ,"""","scientific:""",Forcipiger flavissimus,"""",delete
"common:""",Ironjaw Snapper               ,"""","scientific:""",Aphareus rutilans,"""",delete
"common:""",Scrawled Filefish             ,"""","scientific:""",Aluterus scriptus,"""",delete
"common:""",Stingray Family               ,"""","scientific:""",Dasyatidae,"""",delete
"common:""",Dolphin                       ,"""","scientific:""",Coryphaena hippurus,"""",delete
"common:""",Pompano Dolphin               ,"""","scientific:""",Coryphaena equiselis,"""",delete
"common:""",Brown Surgeonfish             ,"""","scientific:""",Acanthurus nigrofuscus,"""",delete
"common:""",Bluelined Surgeonfish         ,"""","scientific:""",Acanthurus nigroris,"""",delete
"common:""",White Bar Surgeonfish         ,"""","scientific:""",Acanthurus leucopareius,"""",delete
"common:""",Thornback Cowfish             ,"""","scientific:""",Lactoria fornasini,"""",delete
"common:""",Lined Coris                   ,"""","scientific:""",Coris ballieui,"""",delete
"common:""",Sidespot Goatfish             ,"""","scientific:""",Parupeneus pleurostigma,"""",delete
"common:""",Hawaiian Sergeant             ,"""","scientific:""",Abudefduf abdominalis,"""",delete
"common:""",Damselfishes                  ,"""","scientific:""",Pomacentridae,"""",delete
"common:""",Sailfin Tang                  ,"""","scientific:""",Zebrasoma veliferum,"""",delete
"common:""",Convict Tang                  ,"""","scientific:""",Acanthurus triostegus,"""",delete
"common:""",Sandbar Shark                 ,"""","scientific:""",Carcharhinus plumbeus,"""",delete
"common:""",Gray Reef Shark               ,"""","scientific:""",Carcharhinus amblyrhynchos,"""",delete
"common:""",Galapagos Shark               ,"""","scientific:""",Carcharhinus galapagensis,"""",delete
"common:""",Requiem Shark Family          ,"""","scientific:""",Carcharhinidae,"""",delete
"common:""",Scalloped Hammerhead Shark    ,"""","scientific:""",Sphyrna lewini,"""",delete
"common:""",White Tip Reef Shark          ,"""","scientific:""",Triaenodon obesus,"""",delete
"common:""",Black-Tipped Reef Shark       ,"""","scientific:""",Carcharhinus melanopterus,"""",delete
"common:""",Bigeye Trevally               ,"""","scientific:""",Caranx sexfasciatus,"""",delete
"common:""",Round Herring                 ,"""","scientific:""",Etrumeus teres,"""",delete
"common:""",Spotted Boxfish               ,"""","scientific:""",Ostracion meleagris,"""",delete
"common:""",Manybar Goatfish              ,"""","scientific:""",Parupeneus multifasciatus,"""",delete
"common:""",Blue Goatfish                 ,"""","scientific:""",Parupeneus cyclostomus,"""",delete
"common:""",Six-Fingered Threadfin        ,"""","scientific:""",Polydactylus sexfilis,"""",delete
"common:""",Pomfrets                      ,"""","scientific:""",Bramidae,"""",delete
"common:""",Bigeye Emperor                ,"""","scientific:""",Monotaxis grandoculis,"""",delete
"common:""",Doublebar Goatfish            ,"""","scientific:""",Parupeneus bifasciatus,"""",delete
"common:""",Orangeband Surgeonfish        ,"""","scientific:""",Acanthurus olivaceus,"""",delete
"common:""",Hawaiian Anchovies            ,"""","scientific:""",Encrasicholina purpurea,"""",delete
"common:""",Highfin Rudderfish            ,"""","scientific:""",Kyphosus cinerascens,"""",delete
"common:""",Sea Chubs                     ,"""","scientific:""",Kyphosidae,"""",delete
"common:""",Barred Jack                   ,"""","scientific:""",Carangoides ferdau,"""",delete
"common:""",Scorpionfish Family           ,"""","scientific:""",Scorpaenidae,"""",delete
"common:""",Hawaiian Lionfish             ,"""","scientific:""",Dendrochirus barberi,"""",delete
"common:""",Devil Scorpionfish           ,"""","scientific:""",Scorpaenopsis diabolus,"""",delete
"common:""",Titan Scorpionfish            ,"""","scientific:""",Scorpaenopsis cacopsis,"""",delete
"common:""",Speckled Scorpionfish         ,"""","scientific:""",Scorpaena coniorta,"""",delete
"common:""",Spotfin Scorpionfish          ,"""","scientific:""",Scorpaena ballieui,"""",delete
"common:""",Trumpetfish                   ,"""","scientific:""",Aulostomus chinensis,"""",delete
"common:""",Cornetfish                    ,"""","scientific:""",Fistularia commersoni,"""",delete
"common:""",Ornate Wrasse                 ,"""","scientific:""",Halichoeres ornatissimus,"""",delete
"common:""",Barred Filefish               ,"""","scientific:""",Cantherhines dumerili,"""",delete
"common:""",Squaretail Filefish           ,"""","scientific:""",Cantherhines sandwichiensis,"""",delete
"common:""",Fantail Filefish              ,"""","scientific:""",Pervagor spilosoma,"""",delete
"common:""",Smallmouth Bonefish           ,"""","scientific:""",Albula glossodonta,"""",delete
"common:""",Bluefin Trevally              ,"""","scientific:""",Caranx melampygus,"""",delete
"common:""",Wahoo                         ,"""","scientific:""",Acanthocybium solandri,"""",delete
"common:""",Goby Family                   ,"""","scientific:""",Gobiidae,"""",delete
"common:""",Speckled Baloonfish          ,"""","scientific:""",Arothron meleagris,"""",delete
"common:""",Stripebelly Puffer            ,"""","scientific:""",Arothron hispidus,"""",delete
"common:""",Large Headed Scorpionfish     ,"""","scientific:""",Pontinus macrocephalus,"""",delete
"common:""",Pink Snapper                  ,"""","scientific:""",Pristipomoides filamentosus,"""",delete
"common:""",Mackerel Scad                 ,"""","scientific:""",Decapterus macarellus,"""",delete
"common:""",Sleek Unicornfish             ,"""","scientific:""",Naso hexacanthus,"""",delete
"common:""",Pearl Wrasse                  ,"""","scientific:""",Anampses cuvieri,"""",delete
"common:""",Lefteye Flounder Family       ,"""","scientific:""",Bothidae,"""",delete
"common:""",Flowery Flounder              ,"""","scientific:""",Bothus mancus,"""",delete
"common:""",Achilles Tang                 ,"""","scientific:""",Acanthurus achilles,"""",delete
"common:""",Eyestriped Surgeonfish       ,"""","scientific:""",Acanthurus dussumieri,"""",delete
"common:""",Island Jack                   ,"""","scientific:""",Carangoides orthogrammus,"""",delete
"common:""",Delicate Round Herring        ,"""","scientific:""",Spratelloides delicatulus,"""",delete
"common:""",Arc-Eye Hawkfish              ,"""","scientific:""",Paracirrhites arcatus,"""",delete
"common:""",Redbarred Hawkfish            ,"""","scientific:""",Cirrhitops fasciatus,"""",delete
"common:""",Stareye Parrotfish            ,"""","scientific:""",Calotomus carolinus,"""",delete
"common:""",Bigeye Tuna                   ,"""","scientific:""",Thunnus obesus,"""",delete
"common:""",Stocky Hawkfish               ,"""","scientific:""",Cirrhitus pinnulatus,"""",delete
"common:""",Ringtail Wrasse               ,"""","scientific:""",Cheilinus unifasciatus,"""",delete
"common:""",Yellowfin Surgeonfish         ,"""","scientific:""",Acanthurus xanthopterus,"""",delete
"common:""",Ringtail Surgeonfish          ,"""","scientific:""",Acanthurus blochii,"""",delete
"common:""",Moray Family                  ,"""","scientific:""",Muraenidae,"""",delete
"common:""",Zebra Moray Eel               ,"""","scientific:""",Gymnomuraena zebra,"""",delete
"common:""",Stout Moray Eel               ,"""","scientific:""",Gymnothorax eurostus,"""",delete
"common:""",Steindachner's Moray Eel      ,"""","scientific:""",Gymnothorax steindachneri,"""",delete
"common:""",Needle-Tooth Moray            ,"""","scientific:""",Uropterygius macrocephalus,"""",delete
"common:""",Snowflake Moray Eel           ,"""","scientific:""",Echidna nebulosa,"""",delete
"common:""",Dragon Moray                  ,"""","scientific:""",Muraena pardalis,"""",delete
"common:""",Viper Moray                   ,"""","scientific:""",Enchelynassa canina,"""",delete
"common:""",Undulated Moray Eel           ,"""","scientific:""",Gymnothorax undulatus,"""",delete
"common:""",Barred Moray                  ,"""","scientific:""",Echidna polyzona,"""",delete
"common:""",Yellowmargin Moray Eel        ,"""","scientific:""",Gymnothorax flavimarginatus,"""",delete
"common:""",Mustache Conger Eel           ,"""","scientific:""",Conger cinereus,"""",delete
"common:""",Whitemouth Moray Eel          ,"""","scientific:""",Gymnothorax meleagris,"""",delete
"common:""",Yellowhead Moray Eel          ,"""","scientific:""",Gymnothorax rueppelliae,"""",delete
"common:""",Cusk Eel Family               ,"""","scientific:""",Ophidiidae,"""",delete
"common:""",Ambon Toby                    ,"""","scientific:""",Canthigaster amboinensis,"""",delete
"common:""",Peacock Grouper               ,"""","scientific:""",Cephalopholis argus,"""",delete
"common:""",Stripey                       ,"""","scientific:""",Microcanthus strigatus,"""",delete
"common:""",Summer Mullet                 ,"""","scientific:""",Valamugil engeli,"""",delete
"common:""",Bluestipe Snapper             ,"""","scientific:""",Lutjanus kasmira,"""",delete
"common:""",Blacktail Snapper             ,"""","scientific:""",Lutjanus fulvus,"""",delete
"common:""",Parrotfish Family             ,"""","scientific:""",Scaridae,"""",delete
"common:""",Bandtail Parrotfish          ,"""","scientific:""",Scarus taeniurus,"""",delete
"common:""",Bullethead Parrotfish         ,"""","scientific:""",Scarus sordidus,"""",delete
"common:""",Palenose Parrotfish           ,"""","scientific:""",Scarus psittacus,"""",delete
"common:""",Spectacled Parrotfish         ,"""","scientific:""",Scarus perspicillatus,"""",delete
"common:""",Regal Parrotfish              ,"""","scientific:""",Scarus dubius,"""",delete
"common:""",Redlip Parrotfish             ,"""","scientific:""",Scarus rubroviolaceus,"""",delete
"common:""",Bingham'S Snapper             ,"""","scientific:""",Pristipomoides zonatus,"""",delete
"common:""",Green Jobfish                 ,"""","scientific:""",Aprion virescens,"""",delete
"common:""",Ruby Snapper                  ,"""","scientific:""",Etelis carbunculus,"""",delete
"common:""",Longtailed Red Snapper        ,"""","scientific:""",Etelis coruscans,"""",delete
"common:""",Lizardfishes                  ,"""","scientific:""",Synodontidae,"""",delete
"common:""",Slender Lizardfish            ,"""","scientific:""",Saurida gracilis,"""",delete
"common:""",Jack Family                   ,"""","scientific:""",Carangidae,"""",delete
"common:""",Giant Trevally                ,"""","scientific:""",Caranx ignobilis,"""",delete
"common:""",African Pompano               ,"""","scientific:""",Alectis ciliaris,"""",delete
"common:""",Golden Trevally               ,"""","scientific:""",Gnathanodon speciosus,"""",delete
"common:""",Orangespine Unicornfish      ,"""","scientific:""",Naso lituratus,"""",delete
"common:""",Sharpnose Mullet              ,"""","scientific:""",Neomyxus leuciscus,"""",delete
"common:""",Cardinalfishes                ,"""","scientific:""",Apogonidae,"""",delete
"common:""",Spotted Cardinalfish          ,"""","scientific:""",Apogon maculiferus,"""",delete
"common:""",Iridescent Cardinalfish       ,"""","scientific:""",Apogon kallopterus,"""",delete
"common:""",Bandfin Cardinalfish          ,"""","scientific:""",Apogon menesemus,"""",delete
"common:""",Bigscale Soldierfish          ,"""","scientific:""",Myripristis berndti,"""",delete
"common:""",Brick Soldierfish             ,"""","scientific:""",Myripristis amaena,"""",delete
"common:""",Epaulette Soldierfish         ,"""","scientific:""",Myripristis kuntee,"""",delete
"common:""",Yellowfin Soldierfish         ,"""","scientific:""",Myripristis chryseres,"""",delete
"common:""",Whitetip Soldierfish          ,"""","scientific:""",Myripristis vittata,"""",delete
"common:""",Roughscale Soldierfish        ,"""","scientific:""",Plectrypops lima,"""",delete
"common:""",Smalltooth Jobfish            ,"""","scientific:""",Aphareus furcatus,"""",delete
"common:""",Oilfish                       ,"""","scientific:""",Ruvettus pretiosus,"""",delete
"common:""",Yellowstripe Goatfish         ,"""","scientific:""",Mulloidichthys flavolineatus,"""",delete
"common:""",Pflugers Goatfish             ,"""","scientific:""",Mulloidichthys pflugeri,"""",delete
"common:""",Bandtail Goatfish             ,"""","scientific:""",Upeneus arge,"""",delete
"common:""",Yellowfin Goatfish            ,"""","scientific:""",Mulloidichthys vanicolensis,"""",delete
"common:""",Goldring Surgeonfish          ,"""","scientific:""",Ctenochaetus strigosus,"""",delete
